nombre,apellido,fecha_nacimiento,genero,usuario,password,code,correo_profesor,departamento,maestria,jornada
Robert,Williams,2013-12-22,Masculino,juliemiles,123456,30043587,emily29@example.com,Rodriguez Group,Miller-Armstrong,Diurna
Rachel,Gardner,1969-03-03,Femenino,bfuller,123456,46507173,ekerr@example.net,Peterson-Poole,Carpenter-Harper,Nocturna
Nathaniel,Jones,2002-02-21,Masculino,larryblevins,123456,52872552,laneanna@example.net,Bennett-Roberts,Lee-Reilly,Diurna
Kristie,Burnett,2018-12-06,Masculino,jose41,123456,15920616,tcox@example.com,Martin, Conner and Garcia,Davidson-Ryan,Nocturna
Kenneth,Hamilton,2011-02-23,Masculino,mccarthybrittany,123456,67258737,amandamoore@example.com,Kelly, Lopez and Walker,Hall, Conner and Lynch,Diurna
Jason,Ashley,2001-03-16,Masculino,lpaul,123456,48818006,ronaldmiller@example.net,Pena Group,Smith, Howard and Rodgers,Diurna
Virginia,Clark,1917-10-11,Masculino,leslie44,123456,24887785,hwilliams@example.com,Conley Ltd,Frazier, Arellano and Blair,Nocturna
Dylan,Bennett,1955-08-28,Masculino,mpowell,123456,81839025,johnnycole@example.net,Mann, Arnold and Gibson,Martin LLC,Nocturna
William,Delacruz,1921-04-12,Femenino,martinezderrick,123456,60967124,vburton@example.com,Cobb LLC,Nguyen, Rivera and Robinson,Nocturna
Mike,Ali,1962-05-22,Femenino,uwhitaker,123456,35212690,burgessjohn@example.com,Mitchell, Zamora and Barron,Mills, Johnson and Rogers,Nocturna
Matthew,Crawford,2021-02-11,Masculino,walkerchelsea,123456,3364450,eduardoramos@example.com,Bryant, Rodriguez and Washington,Evans, Martinez and Riley,Diurna
Eric,Bishop,2022-05-08,Masculino,david31,123456,83145446,gbradford@example.net,Coleman Ltd,Dixon-Collier,Nocturna
Joseph,Jones,1911-02-11,Femenino,zgarcia,123456,4475351,darren84@example.com,Olsen, Roach and Turner,Gonzalez, Lawson and Johnston,Nocturna
Jim,Mills,2010-05-08,Masculino,connie57,123456,97490293,uarnold@example.org,Lara, Smith and Liu,Thompson Group,Nocturna
Lawrence,Hill,2011-06-06,Masculino,prestoncynthia,123456,44635909,tammycarroll@example.com,Jimenez, Bridges and Simmons,Martin, Silva and Baker,Nocturna
Kyle,Berg,1976-03-25,Femenino,claire68,123456,16370457,shannonallen@example.org,West Group,Charles and Sons,Diurna
Patricia,Campos,1916-04-24,Masculino,amanda63,123456,3559640,brucejackson@example.com,Cummings-Rodriguez,Gardner PLC,Diurna
Michele,Woods,1997-09-09,Femenino,april50,123456,41869651,gwilson@example.net,Gonzalez-Weaver,Patel, Nelson and Hancock,Nocturna
Megan,Holmes,1975-12-16,Masculino,cynthiawhite,123456,51319384,hdavis@example.com,Brooks LLC,Chavez-Stone,Diurna
William,Harmon,1923-08-26,Femenino,hendersonmartin,123456,89863949,laurendominguez@example.org,Thompson Ltd,Johnson, Rowe and Ruiz,Diurna
Maria,Cooper,1991-04-05,Masculino,laurie70,123456,7967984,brownryan@example.com,Turner, Rubio and Harris,Stephens, Munoz and Parker,Nocturna
Shannon,Fernandez,1956-01-23,Femenino,shanewood,123456,1114530,dianamyers@example.net,Fox, Sharp and Anderson,Moore, Harris and Peterson,Diurna
Heather,Gonzalez,1936-06-03,Femenino,erica69,123456,12014119,lhorne@example.com,Washington, Lopez and Flores,Parker Ltd,Nocturna
Alicia,Melton,1966-01-21,Masculino,jenna77,123456,6750254,manningjeremy@example.net,Holt Group,Shaw, Barnes and Simmons,Diurna
Kathryn,Bryant,2019-10-24,Femenino,bmorgan,123456,53433830,jacquelineaustin@example.com,Bartlett-Brewer,Roberts, Williams and Davenport,Nocturna
Matthew,Morton,2012-12-30,Masculino,robinsonwendy,123456,85098213,baileytraci@example.net,Schmidt Ltd,Russell Inc,Diurna
Anthony,Beck,1914-08-20,Masculino,ashleysmith,123456,95535355,lisamcguire@example.com,Griffin-Murphy,Potts Ltd,Nocturna
Kimberly,Navarro,1970-06-02,Masculino,amy77,123456,58204429,simsmichael@example.com,Sutton-Hardin,Watkins, Price and Garcia,Diurna
Rachel,Thompson,1946-03-06,Femenino,stephen52,123456,63751623,garciadeanna@example.org,Williams Group,Ford, Gray and Rogers,Diurna
Jessica,Wallace,1908-06-19,Masculino,jamiegonzales,123456,4528893,xthomas@example.com,Rojas, Skinner and Reynolds,Arnold Inc,Diurna
Michelle,Clarke,1940-05-18,Masculino,wellspaul,123456,55253673,pfuller@example.org,Mayo Inc,Ryan, Fernandez and Pearson,Diurna
Lori,Perez,1974-03-19,Masculino,jasongarcia,123456,1969776,debra35@example.org,Dickson, Kelly and Taylor,Hall, Thompson and Marquez,Diurna
Gary,Parks,1999-03-14,Femenino,deborah66,123456,30308821,jenniferball@example.com,Taylor, Vega and Johnson,Anderson Ltd,Nocturna
Annette,Wall,2014-09-18,Masculino,maria46,123456,16997808,kblack@example.com,Wise, Lewis and Jones,Pace, Edwards and Snyder,Nocturna
Richard,Wyatt,1999-05-10,Masculino,lewissarah,123456,46498706,acruz@example.net,Sharp Inc,Boyle, Bass and Durham,Nocturna
Sharon,Patrick,1942-10-17,Femenino,ljackson,123456,38299910,wcobb@example.com,Vasquez Ltd,Gomez-Johnson,Nocturna
Thomas,Riley,1972-02-29,Masculino,nancy46,123456,32657356,cameron41@example.com,Price, Rodgers and Wilson,Clark, Ferrell and Lewis,Nocturna
Nancy,Smith,1926-08-25,Femenino,campbellabigail,123456,81055044,qmartinez@example.org,Wright-Scott,Bell-Jones,Diurna
Holly,Rodriguez,2004-12-11,Masculino,kaylahenderson,123456,97426625,dillon62@example.org,Barker Group,Jones-Holt,Nocturna
Suzanne,Hall,1977-10-14,Masculino,huntdustin,123456,67002711,brittanywillis@example.net,Moore PLC,Humphrey, Martin and Allen,Nocturna
Matthew,Newton,1931-10-29,Femenino,robynwilliams,123456,44520267,ellispatrick@example.org,Dunn, Contreras and Miller,Franklin-Freeman,Nocturna
Alexander,Nguyen,1987-03-31,Femenino,sean77,123456,28872748,bethlarson@example.org,Levine, Thomas and Munoz,Ramirez, Davis and Moody,Diurna
Christopher,Shepard,1944-09-28,Masculino,ronald70,123456,2655217,ryan83@example.net,Wood Group,Lane and Sons,Nocturna
Whitney,Wright,1940-06-25,Femenino,penarachel,123456,94360582,rschwartz@example.org,Moore Group,Brown-Murphy,Diurna
David,Young,1992-08-15,Femenino,kyle94,123456,54512100,stevenchase@example.net,Elliott and Sons,Weaver, Bishop and Sparks,Nocturna
Michael,Harrington,1933-05-01,Femenino,crystallove,123456,46808616,sancheztammy@example.org,Gill, Hayes and Edwards,Baker and Sons,Nocturna
John,Howard,1911-05-13,Masculino,nhernandez,123456,8926406,erikaarias@example.com,Pearson Inc,Clark-Harris,Nocturna
Troy,Skinner,1991-10-20,Masculino,eduardo06,123456,82107115,wlogan@example.net,Robinson-Brennan,Lara, Phillips and Mcclure,Nocturna
Tonya,Young,1962-12-04,Masculino,matthew15,123456,1573108,qsmall@example.com,Cooper-Bentley,Mcneil, Moon and Moore,Diurna
Veronica,Young,2020-05-24,Femenino,tyler47,123456,62956497,burnsjennifer@example.net,Mack LLC,Williams-Bowen,Diurna
Tamara,Golden,1971-05-31,Masculino,hunteradam,123456,61201947,marc53@example.org,Woods-King,Russell-Hicks,Nocturna
Benjamin,Cunningham,1945-12-23,Femenino,stevensjason,123456,14774073,raymond29@example.org,Weaver-Rodgers,Mccoy PLC,Diurna
Donald,Johnson,1917-07-14,Masculino,onelson,123456,63564747,garrett54@example.com,Powell Ltd,Sanchez, Schroeder and Lewis,Nocturna
Willie,Fisher,1998-06-30,Masculino,lindaroberts,123456,22409568,wernerdavid@example.net,Roberts-Nicholson,Hernandez Inc,Diurna
Kelly,Smith,1951-05-09,Masculino,christine88,123456,8148617,brianwarren@example.com,Myers LLC,Martinez Group,Nocturna
Heidi,Miller,1917-05-28,Masculino,karenjackson,123456,26503845,amandamorse@example.net,White-Alexander,Duncan, Mitchell and Stone,Diurna
Anthony,Marshall,1988-04-25,Femenino,dtaylor,123456,40457467,matthewwheeler@example.com,Davis Ltd,Butler-Lee,Diurna
Cheyenne,Brown,1967-03-27,Femenino,sarahmolina,123456,7387674,steve47@example.com,Roberts PLC,Norman, Perkins and Marks,Diurna
Elizabeth,Miller,1955-09-07,Femenino,iarnold,123456,7214506,tuckerpatricia@example.com,Howard, Lowery and Peters,Morgan, Hatfield and Davis,Diurna
Charlotte,Herrera,1958-11-11,Masculino,bdunn,123456,12841694,vaughntara@example.org,Smith PLC,Taylor-Griffin,Nocturna
Connie,Chen,2013-11-04,Masculino,paul68,123456,58435010,lynchamy@example.net,Williams Group,Weiss, Robinson and Gray,Nocturna
Danielle,Fischer,1938-06-06,Masculino,philip16,123456,86428616,zacharypatterson@example.net,Thompson-Lopez,Foster, Spencer and Smith,Nocturna
Carolyn,Cohen,1913-02-22,Masculino,lisawise,123456,4926777,michael19@example.com,Davis-Castaneda,Nichols-Rivera,Diurna
Andre,Spencer,1921-01-12,Masculino,megan42,123456,55856119,billyhernandez@example.org,Young-Campbell,Wheeler and Sons,Diurna
Jeffrey,Lambert,1916-09-25,Masculino,aadams,123456,53434855,rharmon@example.org,Rosales Ltd,Williams and Sons,Diurna
Karen,Browning,1988-11-13,Masculino,julie72,123456,97791561,asmith@example.net,Benitez, Williams and Walker,Whitaker-Gordon,Nocturna
Shane,Clark,2011-11-11,Masculino,leslie49,123456,17481959,wisewilliam@example.net,Wells-Garcia,Erickson-Gardner,Nocturna
Kenneth,Herman,1911-01-15,Femenino,adrian06,123456,88338881,raymond65@example.org,Stevenson, Andersen and Armstrong,Jones-Medina,Diurna
Christopher,Meadows,1979-09-22,Femenino,bradleywilliams,123456,24891063,etucker@example.net,Lloyd and Sons,Curry, Wolfe and Murray,Diurna
Frank,Williams,1916-02-01,Femenino,rduran,123456,72454247,jennifersherman@example.org,Lucero, Harris and Stout,Ward Inc,Nocturna
Kyle,Petersen,1965-10-11,Masculino,bharper,123456,99984948,psimpson@example.com,White, Walker and Edwards,Woods LLC,Diurna
Albert,Walker,1935-04-07,Femenino,fwilliams,123456,60807107,cjones@example.org,Simmons Inc,Garcia-Quinn,Nocturna
Lauren,Martinez,1974-05-06,Masculino,larryrichard,123456,43424469,jacobwade@example.org,Sanchez, Beck and Nichols,Vega, Bailey and Flores,Diurna
Andrew,Gross,1916-06-01,Masculino,stevenbernard,123456,73542703,kennedyblake@example.org,Jenkins Ltd,Riddle-Bennett,Diurna
Maria,Torres,1966-09-02,Masculino,mcmillankatherine,123456,78747236,owhite@example.net,Garrett Inc,Brown, Velez and Butler,Diurna
Roger,Delacruz,2006-01-04,Femenino,tylerhernandez,123456,80184702,lovegabriel@example.org,Anthony, Anderson and Hancock,Stanley, Carr and Kennedy,Diurna
Kevin,Sanchez,1918-04-16,Femenino,darren56,123456,42995784,elizabeth79@example.org,Ramos LLC,Howard LLC,Diurna
David,Nelson,1931-01-21,Masculino,jillryan,123456,55961961,sosaellen@example.org,Frey, Campos and Vega,Mitchell Group,Nocturna
Brian,Smith,1947-08-01,Masculino,jonesphilip,123456,83693957,alexandraanderson@example.org,Harvey Inc,Evans Inc,Diurna
Valerie,Baker,2005-03-25,Femenino,tortiz,123456,28810178,juanhudson@example.net,Hudson-Graham,Harrington-Myers,Diurna
Carlos,Gillespie,1983-11-09,Masculino,rachel71,123456,88017790,sharoncrawford@example.com,Rodriguez-Flores,Smith, Steele and Davis,Nocturna
Rhonda,Bailey,1948-04-15,Masculino,thomasjacobson,123456,54424997,cfowler@example.net,Dickson PLC,Mclaughlin, Johnson and Long,Diurna
Jennifer,Rodriguez,2016-10-05,Femenino,bsmith,123456,77462918,torresalyssa@example.net,Clark, Sexton and Rodriguez,Hayden Ltd,Nocturna
Brian,Anderson,2005-05-26,Masculino,rhonda46,123456,20444154,otorres@example.net,Morrison-Horne,Sherman Group,Nocturna
Martha,Crosby,1958-10-01,Femenino,kimberlymayo,123456,496784,mitchelltimothy@example.net,Rice, Ray and Galvan,Bentley-Rhodes,Nocturna
Brian,Duncan,1963-11-23,Femenino,nglover,123456,95054230,nbrown@example.net,Robinson Ltd,Reyes Inc,Diurna
Veronica,Martinez,1932-01-19,Femenino,paulcruz,123456,43830102,williambrowning@example.org,Cooper, Petersen and Crawford,Mccoy Group,Nocturna
Marcus,Thompson,2015-11-03,Femenino,iroberts,123456,41851210,terricrawford@example.net,Castro-Daniels,Perez, Schroeder and Little,Nocturna
Vincent,Ortega,1998-09-19,Femenino,parrishstephen,123456,77508434,caitlinbright@example.org,Williams, Thompson and Patrick,Robinson LLC,Nocturna
William,Huynh,1958-05-05,Femenino,april24,123456,12029019,lewissamantha@example.org,Ruiz-Jimenez,Campbell, Gutierrez and Johnson,Diurna
Wesley,Prince,2004-05-26,Masculino,hpeters,123456,68209509,yvonnekoch@example.com,Matthews, Jacobs and Mcdonald,Huffman-Black,Diurna
Charles,Baird,1959-06-20,Masculino,samuel82,123456,33279250,brandonbanks@example.com,Stewart, Mathews and Hicks,Carroll, Mcclain and Beck,Diurna
Malik,Rodriguez,1992-10-06,Masculino,tonyamartin,123456,86415451,turnerdavid@example.com,Roth and Sons,Lopez-Robinson,Diurna
James,Aguilar,1957-12-30,Femenino,david00,123456,11992415,sheilarodriguez@example.org,Young-Hensley,Perry, Clay and Morris,Diurna
Gary,Flynn,1988-07-24,Masculino,gibsonstefanie,123456,59736692,xsellers@example.net,Howell and Sons,Richardson Ltd,Nocturna
Stephanie,Ochoa,1995-03-16,Masculino,virginiahernandez,123456,53452276,joneswilliam@example.org,Brown Ltd,Stein, Davis and Fry,Diurna
Daniel,White,1965-11-25,Femenino,cwelch,123456,39404394,lori65@example.com,Rodriguez-Vazquez,Bush, Bray and Gray,Diurna
Ronald,Jackson,1951-11-07,Femenino,arnoldkelly,123456,71445131,aflores@example.org,Vega, Ortiz and Harris,Wright-Fisher,Nocturna
Nicole,Alexander,1936-07-25,Masculino,xjensen,123456,88819966,leonardbrenda@example.com,Orozco, Smith and Adams,Davis-Velez,Nocturna
Lisa,Miller,2021-12-30,Masculino,heidi15,123456,7908469,mcoleman@example.net,Jones, Kane and Martinez,Schwartz PLC,Nocturna
Katherine,Curry,1987-12-19,Masculino,kimberlyweber,123456,93698997,treid@example.net,Willis Group,Green Ltd,Nocturna
Cynthia,Bowen,1911-01-08,Femenino,gibsonalyssa,123456,77332566,morrisjacqueline@example.com,Massey, Thomas and Mccann,Wilson and Sons,Diurna
Ann,Griffith,1933-02-18,Femenino,dorothymcgrath,123456,45119738,lopezedward@example.org,Jones, Brooks and Guerra,Morrison-Nelson,Diurna
Laura,Evans,1985-01-17,Masculino,millercristina,123456,32618790,aprilmolina@example.net,Cantrell-Collier,Herman-Hernandez,Diurna
Michael,Carter,1966-03-28,Femenino,richardmcneil,123456,14701237,janetcherry@example.org,Murphy, Wells and Blair,Christensen, Anderson and Holt,Diurna
James,Smith,1984-08-26,Femenino,melissapeterson,123456,38219090,gomeztimothy@example.net,Gonzalez, Rodriguez and Flynn,Davies-Bonilla,Nocturna
Michael,Kim,1909-08-06,Femenino,ataylor,123456,59520622,coreylevine@example.com,Hester, Rodriguez and Boyd,Shaffer-Anderson,Diurna
Jillian,Barr,1985-09-04,Masculino,alex43,123456,65412014,brianna43@example.com,Collins-Burton,Howell PLC,Nocturna
Jennifer,Nelson,1918-02-05,Masculino,angelamayer,123456,83982853,victoriajohnson@example.org,Barnett-Arnold,Black, Reyes and Young,Diurna
Jennifer,Johnson,1925-05-31,Masculino,michaelayala,123456,64306533,blairanna@example.org,Martin-Mccarty,Kelley LLC,Diurna
David,Foley,1993-09-27,Femenino,jeremygibbs,123456,78469685,kpowers@example.net,Richardson Ltd,Nguyen, Ferguson and Foster,Nocturna
Kathleen,Warren,1941-10-06,Femenino,barbaratravis,123456,2442795,cummingskimberly@example.net,Sanchez, Mcfarland and Fox,Dunlap and Sons,Diurna
Kerri,Nguyen,1977-10-20,Femenino,cobbtracy,123456,78821487,davisjacob@example.org,Macdonald Inc,Schroeder-Adams,Nocturna
Kim,Scott,1958-10-21,Femenino,ujames,123456,69147255,brittanysolomon@example.org,Ellis, Miller and Hartman,Savage-Flores,Diurna
Debra,Miller,1969-05-08,Masculino,cpatton,123456,82627161,kristinperez@example.org,Young LLC,Phillips-Jensen,Nocturna
Marilyn,Davis,2000-02-10,Femenino,wcastillo,123456,53238787,burnsleslie@example.org,Haas Inc,Weber, Brown and Hill,Nocturna
David,Harrison,2008-08-12,Masculino,sarah92,123456,47208480,mlopez@example.com,Ortega Inc,Garza PLC,Nocturna
William,Miller,1974-06-03,Masculino,xmiller,123456,70744057,tmalone@example.net,Torres, Preston and Howell,Floyd, Rodriguez and Robertson,Nocturna
Amy,Mosley,1996-02-07,Femenino,derrick46,123456,17080218,mark02@example.net,Gilbert, Travis and Baker,Ware, Guerrero and Beck,Diurna
James,Bates,1923-08-10,Masculino,rebecca31,123456,71495757,gmullins@example.org,Stewart LLC,King Group,Diurna
Erin,King,1980-07-05,Masculino,jschwartz,123456,94090034,nsimpson@example.net,Todd Group,Newman, Powers and Schwartz,Nocturna
Sarah,Young,2019-03-22,Masculino,dana16,123456,15272024,crawfordbarry@example.com,Salazar-Davis,Thompson-Moss,Nocturna
Justin,Anderson,1977-08-19,Masculino,tara06,123456,32737769,bridgetjohnson@example.net,Perez-Mccoy,Melendez Ltd,Nocturna
Matthew,Hoffman,1937-01-20,Femenino,dbutler,123456,8771704,tyoder@example.com,Cox-White,Diaz-Johnson,Nocturna
Nicholas,Garza,1977-09-21,Femenino,michaelmichael,123456,58650531,bryanwilliams@example.net,Berry-Robinson,Adams, Pierce and Jones,Diurna
William,Morris,2021-10-11,Masculino,debbie30,123456,61165288,sara07@example.org,Phillips-Mayo,Webster-Pittman,Nocturna
Dale,Cooper,1974-09-03,Femenino,austin41,123456,93643796,joshua92@example.org,Green Ltd,Thomas, Lee and Perez,Nocturna
Caitlyn,Patterson,1955-04-29,Masculino,taylorsusan,123456,64097311,lewisfrank@example.com,Bowers, Bennett and Howard,Tran-Harrison,Diurna
Nicholas,Smith,1928-09-04,Femenino,amy63,123456,17226937,terricrawford@example.net,Johnson Group,Brennan-Patel,Diurna
Ashley,Neal,1908-12-08,Masculino,rblake,123456,30713444,jessicagentry@example.net,Brown, Mendez and Davis,Steele, Jennings and Choi,Diurna
Isaiah,Long,2013-10-17,Femenino,sarahcooper,123456,25396812,smallashley@example.org,Olson-Werner,Perkins Group,Diurna
Christine,Smith,1962-10-12,Masculino,deborah81,123456,89068972,fkline@example.net,Todd-Cooper,Henry-Morgan,Diurna
Scott,Torres,2009-03-19,Masculino,xhenry,123456,8850909,qmedina@example.net,Wallace Inc,Bennett-Woods,Nocturna
Brian,Marsh,2018-08-07,Masculino,pammalone,123456,77614284,ifoster@example.net,Ferrell Group,Wise Inc,Nocturna
Sean,Perkins,1995-06-23,Femenino,christina93,123456,3567659,morenoamanda@example.com,Baker-Campbell,Rogers-Rivera,Nocturna
Brittany,Guerrero,1941-12-02,Masculino,luis92,123456,23574852,kathleenmoon@example.net,Pearson, Rodriguez and Glenn,Davis-Brewer,Nocturna
Katrina,Johnson,1968-08-31,Masculino,harringtonchristopher,123456,25368186,berrygarrett@example.org,Collins, Bean and Johnson,Medina-Smith,Diurna
Michael,Frost,1983-06-19,Masculino,zimmermanroger,123456,56524795,ryan98@example.net,Nelson-Robertson,Allen PLC,Diurna
Chris,Thomas,2004-02-04,Femenino,deborahflynn,123456,58913103,vedwards@example.net,Wagner, Smith and Martinez,Cohen LLC,Nocturna
Paul,Holland,1945-02-10,Femenino,fburns,123456,9927134,peternguyen@example.com,Hunt, Johnson and Benton,Thompson PLC,Nocturna
Michelle,Dodson,1935-06-08,Masculino,nmorris,123456,53384145,rachel45@example.net,Collier, Jones and Yu,Gutierrez Inc,Diurna
Tammy,Hines,1953-03-11,Masculino,gentrybrandi,123456,61777474,rowefrank@example.com,Novak PLC,Wilson, Miles and Leonard,Diurna
James,Graham,2017-05-19,Masculino,brandihill,123456,23703585,nmartinez@example.org,Holmes PLC,Parker, Young and Walker,Nocturna
Clarence,Herrera,1919-05-24,Femenino,udavis,123456,39924759,cjones@example.org,Sanchez-Perkins,Khan-Murphy,Diurna
Andrew,Brooks,1970-12-08,Femenino,angela43,123456,8805278,vincent55@example.com,Morales-Navarro,Garcia PLC,Nocturna
Wendy,Jones,1959-04-11,Femenino,tylersanchez,123456,15417018,nelsonmaria@example.com,Wood-Thomas,Ramirez, Faulkner and Kelley,Diurna
Melissa,Lam,2013-10-28,Femenino,markjackson,123456,1186929,maryweaver@example.net,Nelson PLC,Figueroa-Reid,Nocturna
Malik,Black,1987-09-01,Femenino,nelsonkevin,123456,33595180,morgan22@example.com,Moss-Lewis,Larson, Martinez and Santos,Diurna
Nancy,Marshall,2017-12-27,Femenino,tsteele,123456,60461810,srocha@example.com,Butler, Booker and Jones,Curtis, Galloway and Rice,Diurna
Dawn,Hernandez,1953-04-04,Masculino,jclark,123456,76893876,ubarnes@example.com,Ramirez, Stein and Wolf,Armstrong and Sons,Diurna
Doris,Montgomery,2017-10-22,Femenino,bradley96,123456,73291211,kennedyjerry@example.org,Anderson-Taylor,Miller, Schultz and Kaufman,Diurna
Jennifer,Morris,2018-12-04,Masculino,youngmonica,123456,86234680,abuck@example.net,Hall-Allen,Lewis-Chavez,Diurna
Craig,Meyer,1995-07-04,Masculino,tdecker,123456,7157456,dmurphy@example.org,Taylor LLC,Howard, Parker and Greene,Nocturna
James,Porter,2000-11-09,Femenino,petersonashley,123456,84366792,tony10@example.org,Glover LLC,Harvey, Hunter and Campbell,Diurna
Jessica,Garcia,2018-05-14,Masculino,ucampos,123456,16053808,chavezkrystal@example.com,Hodges and Sons,Collins, Roy and Case,Diurna
Gregory,Wolfe,1917-06-17,Masculino,fgamble,123456,71396668,riosdonald@example.com,Gray-Morris,Thomas Ltd,Nocturna
David,White,1942-07-16,Masculino,stonedaniel,123456,47690751,barbara13@example.org,Dunn Ltd,Jackson LLC,Diurna
Michelle,Young,1936-12-31,Femenino,joneschristopher,123456,59235849,ucarr@example.net,Harris, Ramos and Martin,Boone, Barron and Burch,Diurna
Robert,Wilson,1993-04-22,Femenino,carolyn58,123456,42367001,brandi42@example.com,Jenkins LLC,Thomas-Henry,Nocturna
Frank,Vazquez,1958-05-19,Masculino,erinfinley,123456,84744794,nicholasmichael@example.net,Gray-Phillips,Huffman-Simpson,Diurna
Sara,Snyder,1974-07-28,Masculino,torressherry,123456,86350987,clementshenry@example.org,Mora-Maxwell,Moore, Collins and Reese,Diurna
Rebecca,Nunez,1981-07-10,Femenino,ahouse,123456,79904235,ngill@example.net,Moore-Mullins,Williams, Warner and Johnston,Nocturna
Elizabeth,Olsen,1956-02-24,Femenino,calderonrobert,123456,15522789,erodriguez@example.net,Ortiz, Walker and Garza,Tucker, Carr and Williamson,Diurna
Amy,Richardson,1980-09-20,Masculino,tiffany81,123456,92201799,andrea63@example.com,Baldwin-Anderson,Fuentes-Berry,Nocturna
Shelby,Diaz,1938-03-31,Masculino,edwardsrebecca,123456,57905529,robinsonrobin@example.net,Hernandez, Gray and Fowler,Bolton-Ferrell,Nocturna
Kyle,Camacho,2017-04-16,Femenino,sergio69,123456,99109362,jennifer22@example.org,Paul and Sons,Nguyen-Watson,Diurna
Chad,Alexander,1937-03-24,Femenino,rhodesrachael,123456,17444396,gregorysilva@example.org,Lee Ltd,Davis Inc,Nocturna
Marcus,Anderson,1969-10-11,Masculino,victoriabell,123456,24259290,johnsonroy@example.com,Butler, Matthews and Cook,Cain-Whitaker,Diurna
Craig,Smith,1958-04-28,Femenino,ibennett,123456,23558786,sanchezbryan@example.com,Burns Inc,Thompson-Burton,Diurna
Robert,Rodriguez,1975-04-03,Masculino,guzmantravis,123456,54812139,scott37@example.net,Mendez, Johnson and Esparza,Archer, Matthews and Brown,Diurna
Kimberly,Stewart,1930-07-03,Femenino,ureeves,123456,34022672,krausejulie@example.org,Anderson, Baker and Thomas,Oliver, Hines and Davidson,Nocturna
Luis,Thompson,1969-03-17,Masculino,lawrencetroy,123456,67480163,hugheserik@example.com,Martin, Travis and Love,Hancock PLC,Nocturna
Angela,White,2022-07-07,Femenino,tcampos,123456,8950238,chelseawilliams@example.net,Cooley Inc,Villa, Gutierrez and Mills,Diurna
Jacob,Carlson,2009-07-19,Femenino,jonesdanny,123456,11623322,snyderchristine@example.com,Trujillo, Schmidt and Schaefer,Reynolds and Sons,Diurna
Kayla,Holden,1917-07-11,Masculino,harrissandra,123456,39902487,vrichards@example.net,Walton, Parker and Osborn,Ford-Gordon,Diurna
Karen,Olsen,1953-09-25,Femenino,jared05,123456,19424292,daniel82@example.org,Lara-Clark,Joyce LLC,Nocturna
Lauren,Vargas,2015-09-12,Femenino,hbradshaw,123456,58624580,rpierce@example.net,Burton PLC,Ayers, Miller and Armstrong,Nocturna
Olivia,Martin,2000-07-01,Masculino,james50,123456,3507321,zwarren@example.com,Townsend, Moore and Singleton,Higgins and Sons,Diurna
Victoria,Watkins,1992-01-17,Femenino,cnelson,123456,63950815,melindagardner@example.net,Abbott Inc,Berry-Munoz,Diurna
Lindsey,Baird,1996-11-04,Femenino,kevin46,123456,73364149,underwoodmeghan@example.net,Miller, Mayo and Phillips,Simmons Group,Diurna
William,Shaw,2003-04-08,Femenino,jason46,123456,55235024,aowens@example.net,Barrett-Jimenez,Davis, Clark and Parker,Nocturna
Melanie,Thompson,1963-06-03,Masculino,danielle37,123456,90287804,lauren72@example.net,Anderson, Keith and Carlson,Snyder, Jackson and Harvey,Nocturna
Julie,Cross,1941-08-11,Femenino,ngreen,123456,456142,stephanie57@example.org,Nguyen-Meyers,Smith Ltd,Nocturna
Matthew,Williams,1998-10-18,Masculino,melissa63,123456,59489060,vegajordan@example.org,Cook-Turner,Franco-Fuller,Nocturna
Karen,Nelson,1946-10-05,Masculino,timothy04,123456,91069462,tammy71@example.com,Dudley Inc,Orozco Inc,Diurna
Joy,Ramirez,1971-03-09,Masculino,whitejames,123456,18653559,carl67@example.com,Hernandez-Hansen,Garza-Mcbride,Nocturna
Melinda,Williams,1918-12-31,Masculino,ohenson,123456,15794159,ehamilton@example.net,Lawson, Rosales and Smith,Parker, Hampton and Hudson,Nocturna
Duane,Thompson,1993-06-24,Femenino,crystalgoodwin,123456,11504359,christophersmith@example.net,Alexander, Robertson and Brown,Owens-Oliver,Nocturna
Jose,Michael,1952-10-20,Masculino,erikanguyen,123456,55078295,richardsclaudia@example.org,Williams, Holland and Lewis,Ford, Dean and Phillips,Diurna
Edwin,Horn,1909-12-11,Masculino,ujohnson,123456,94302073,shawnmay@example.net,Henry Group,Barnes-Esparza,Diurna
Cindy,Whitaker,1992-09-15,Masculino,audreyowens,123456,86453344,frankcindy@example.com,Clark, Skinner and Beard,Castaneda LLC,Diurna
Martin,Bailey,1911-04-09,Masculino,hamiltonkenneth,123456,49388237,brian48@example.net,Powers, Bowen and Hall,Contreras LLC,Diurna
Randall,Wilson,1975-07-04,Femenino,anthonyrichard,123456,30018678,waynechoi@example.net,Powell Ltd,Marshall and Sons,Nocturna
Kim,Brandt,1943-11-16,Masculino,zamorarobert,123456,34863230,normansonya@example.net,Mcdowell Group,Logan Inc,Diurna
Linda,Boyd,1917-06-23,Femenino,jamescurtis,123456,73304575,trankenneth@example.net,Shannon LLC,Brown Ltd,Diurna
Anthony,Diaz,1984-12-30,Femenino,nataliebrown,123456,30247251,sevans@example.org,Jensen-Harrison,Strong Inc,Diurna
Johnny,Mccormick,1909-07-13,Femenino,michael80,123456,72904117,elijah33@example.net,Montgomery Group,Kelly-Morales,Diurna
Tammy,Meadows,1925-10-25,Femenino,isawyer,123456,32086396,taylorphillip@example.com,Sandoval Group,Strong-Bryant,Nocturna
Olivia,Castillo,1959-06-21,Femenino,halljuan,123456,88242036,sean64@example.com,Miller and Sons,Barber LLC,Nocturna
Richard,Eaton,1979-08-21,Femenino,whitekathryn,123456,17327010,kpowell@example.net,Johnson Ltd,Dean Ltd,Nocturna
Melissa,Myers,2000-03-31,Femenino,znielsen,123456,80027150,raymondgriffin@example.net,Johnson LLC,Rowe, Smith and Wu,Nocturna
Steven,Wilson,2021-07-29,Femenino,gmarshall,123456,73983160,anthony31@example.org,Smith, Webb and Bowen,Roberts and Sons,Nocturna
Jonathan,Freeman,1996-11-21,Femenino,brandon11,123456,92445573,cochrantony@example.net,Davidson, Jones and Jackson,Gray, King and Wilcox,Diurna
Danielle,Valencia,2005-02-02,Masculino,jennifer06,123456,4430530,kennethhicks@example.com,Johnston Group,Thomas, Weeks and Simmons,Nocturna
Christopher,Mccall,2022-12-01,Masculino,harveymatthew,123456,1786177,porterdavid@example.com,Newton Group,Lopez, Brewer and Smith,Nocturna
Christopher,White,1950-04-12,Femenino,enelson,123456,73759946,john16@example.net,Bradley, Mccall and Yates,Beard-Harrell,Nocturna
Daniel,Noble,2004-03-09,Masculino,ckemp,123456,25475278,mccalltara@example.net,Gray-Carlson,Gray, Wolfe and Huffman,Diurna
Jeffrey,Butler,1920-03-23,Masculino,alexa73,123456,47031950,laurenharrison@example.net,Henson LLC,Ramirez-Johnson,Diurna
Brian,Hammond,1951-04-20,Masculino,michelle04,123456,42580332,maria14@example.org,Ayala Group,Cooley Group,Diurna
Robert,Curtis,2000-07-16,Masculino,aknapp,123456,9320318,martin49@example.org,Clark Group,Buchanan, Hall and Guerra,Diurna
Christina,Stewart,2021-01-20,Masculino,zsimmons,123456,42120303,maryreynolds@example.net,Gordon, Morales and Haney,Owens and Sons,Diurna
Logan,Martin,2003-09-16,Masculino,philip55,123456,12652485,yblack@example.org,Lambert-Austin,Hendricks-Bartlett,Nocturna
Allison,Gomez,1964-03-27,Masculino,hfernandez,123456,14229803,nancy49@example.net,Hardy-Rose,Smith-Martin,Nocturna
Amanda,Jackson,1982-12-31,Femenino,spencerjoshua,123456,31904715,serranoisaiah@example.com,Beltran-Ray,Walker Inc,Diurna
Michael,Perez,1968-08-05,Femenino,serranoaaron,123456,13655279,lmiller@example.org,Aguilar, Thompson and Harmon,Hayden-Padilla,Diurna
John,Lee,1952-02-26,Masculino,washingtonnicholas,123456,38520358,joanne26@example.org,Holloway, Flores and Ramsey,Jones LLC,Diurna
Andrew,Mason,1977-11-07,Femenino,carl18,123456,24104905,zacharyrodriguez@example.org,Patterson-Moore,Nguyen-Richards,Nocturna
Michael,Johnson,1922-01-26,Masculino,torresmichael,123456,50937368,matthew94@example.net,Castaneda-Robertson,Thomas-Lam,Nocturna
Samuel,White,1920-02-19,Femenino,brooksvincent,123456,76069686,lbennett@example.org,Ramirez Group,Montgomery, Stokes and Smith,Nocturna
Amber,Ayala,2007-05-19,Masculino,christinehumphrey,123456,73406557,jhodge@example.org,Hughes PLC,Martin-Williams,Nocturna
David,Guerrero,1914-12-26,Masculino,nicole58,123456,14336223,hsantiago@example.com,Hampton, Singleton and Roth,Lee-Johnson,Diurna
Taylor,Taylor,1972-04-25,Femenino,kennethhammond,123456,45756075,mark73@example.org,Davis, Boyle and Decker,Clark-Sharp,Nocturna
Kimberly,Benson,1999-01-26,Masculino,emilykeller,123456,85795192,twhite@example.com,Nelson-Dixon,Haynes, Park and Lozano,Nocturna
Ashley,Wilson,1993-05-22,Masculino,williamsonjessica,123456,89315910,vargasjulie@example.net,Wilkerson, Parsons and Riley,Baker, White and Odonnell,Diurna
Gary,Hays,2002-10-02,Masculino,hartkelly,123456,14803004,stevebauer@example.org,Sanchez LLC,Miller Ltd,Nocturna
Sarah,Williams,1981-05-14,Femenino,vdouglas,123456,21571448,timothylong@example.com,Smith PLC,Walker-Walker,Diurna
William,Snyder,1909-07-06,Masculino,rleonard,123456,50293439,zachary41@example.org,Roman-Williams,Butler, Dalton and Cox,Nocturna
Marilyn,Miller,1969-03-10,Femenino,harold28,123456,97647300,mariahdavis@example.net,Romero Ltd,Ramirez-Jenkins,Diurna
Richard,Cole,2023-10-10,Masculino,englishrachael,123456,23544745,heatherrangel@example.net,Williamson Group,Solomon, Anderson and Clark,Diurna
Alisha,Gilmore,1942-05-04,Femenino,xgutierrez,123456,22920878,garyballard@example.net,Smith PLC,Leach, Miller and Shea,Nocturna
Cory,Huber,1914-10-25,Masculino,bradymark,123456,73661497,qkim@example.com,Cox, Arnold and Bridges,Smith-Ramirez,Diurna
Lauren,Raymond,1955-06-05,Masculino,ajones,123456,89840018,usmith@example.net,Smith-Wells,Hall-Rodriguez,Nocturna
Monica,Moore,2013-04-04,Masculino,kristenmiller,123456,1416027,sandra02@example.net,Garza, Montoya and Keith,Johnson, Calhoun and Mckinney,Diurna
Stephen,Sloan,1980-10-26,Femenino,pateljacob,123456,23653805,peterhudson@example.org,Long-Carroll,Camacho, Sharp and Shah,Diurna
Samantha,Weaver,1967-03-01,Femenino,maria39,123456,61355347,uhughes@example.net,Villegas Group,Barnett, Bond and Owens,Nocturna
Mary,Sheppard,1969-02-27,Masculino,dwarren,123456,35580590,weaverrobert@example.org,Johnson LLC,Baker-White,Nocturna
Brian,Hanna,2003-12-01,Masculino,brownjulie,123456,61278607,benjaminellison@example.net,Chase, Moore and Jordan,Stuart-Warren,Diurna
Michael,Edwards,1998-03-20,Femenino,ihansen,123456,30940073,martinezparker@example.org,Allen-Richardson,Shields PLC,Diurna
Rebecca,Adkins,1908-06-23,Masculino,rebeccaphillips,123456,16854136,michelle48@example.net,Turner-Dunlap,Moss LLC,Diurna
Whitney,Mcgrath,1973-10-24,Femenino,wallison,123456,3324212,stonejacob@example.org,Cordova, Mccall and Briggs,Wallace, Farmer and Hall,Nocturna
George,Thompson,1978-06-02,Masculino,heather07,123456,41650759,colin24@example.org,Adams Group,Shaw, Price and Cox,Diurna
Mark,Morse,2009-10-11,Femenino,smithdanny,123456,39258104,andrewslaura@example.org,Chandler-Miller,Garcia-Booth,Diurna
Robin,Taylor,1974-05-30,Femenino,wnicholson,123456,95168911,scottjonathon@example.net,Johnson, Powell and Thomas,Mccarthy LLC,Diurna
Rebecca,Holden,1947-07-29,Femenino,hoffmanrichard,123456,95107219,conniemitchell@example.net,Freeman-Arias,Martin and Sons,Diurna
Randy,Murphy,1919-09-27,Femenino,arnoldalan,123456,12942907,ashley11@example.com,Hays Inc,Adams, Maxwell and Williams,Diurna
Cynthia,Ramirez,1984-06-01,Femenino,ambercampbell,123456,41744927,gardnerheather@example.com,Malone-Molina,Farmer PLC,Nocturna
Natasha,Perry,2019-12-29,Masculino,lauralogan,123456,68168917,bmatthews@example.net,Yates Group,Forbes, Sanchez and Chan,Diurna
Andrew,Camacho,1936-01-05,Femenino,lindabaker,123456,15575172,margaretallen@example.net,Willis, Garcia and Rivera,Taylor Group,Diurna
Chad,Sherman,1964-10-08,Masculino,fishermelissa,123456,50122854,wileylaura@example.net,Harrell-Gonzalez,Smith-Newton,Diurna
Robert,Johnson,1968-10-28,Femenino,taylorsusan,123456,26077895,wendyjones@example.org,Warner, Rivera and Warren,Stewart, Brown and Greene,Nocturna
Pamela,Dillon,1996-03-23,Masculino,jenniferhernandez,123456,24333056,jeffrey85@example.com,Park Inc,Cooper Ltd,Nocturna
Brittney,Baker,1979-07-23,Femenino,gsmith,123456,89230847,brownalex@example.net,Franklin, Stephenson and Williams,Morales, Chang and Solomon,Diurna
Amy,Lewis,1923-08-20,Femenino,ryancastro,123456,77959304,pschmidt@example.com,Woods-Lawrence,Johnson-Bass,Diurna
Veronica,Griffin,1967-03-28,Femenino,bradyjohnson,123456,83272887,rushlindsey@example.net,Woods, Sanders and Sanders,Garcia, Beard and Higgins,Nocturna
David,Robinson,1918-11-28,Femenino,rubiodaniel,123456,59825891,douglas64@example.net,Hendricks-Meadows,Thomas-Reyes,Nocturna
Thomas,Hooper,1944-01-01,Masculino,randypaul,123456,90969371,dawsonsteven@example.net,Winters, Macdonald and Mahoney,Cooper, Morrison and Goodwin,Diurna
William,Miller,1947-08-16,Masculino,christopher94,123456,18203222,randyalvarado@example.com,Cooper, House and Smith,Garcia, House and Williams,Nocturna
Dennis,Walker,1917-02-19,Masculino,timothyscott,123456,32037457,ericrice@example.com,Cherry, Obrien and Soto,Moore-Williams,Diurna
Steven,Boyer,1945-04-06,Masculino,angelica23,123456,16108153,fgutierrez@example.org,Ramirez-Owen,Harris Inc,Diurna
Timothy,Castillo,1944-12-07,Femenino,snorman,123456,66979932,carmenhernandez@example.net,Dunn, Maxwell and Riley,Wilson, Mann and Hebert,Diurna
Jonathan,Reed,2022-06-21,Masculino,kimberly95,123456,1512298,mark15@example.com,Hayes, Russell and Smith,Jackson, Avila and Schneider,Nocturna
Patricia,Lewis,1927-07-01,Femenino,julian30,123456,50186942,zbaker@example.com,Phillips-Owens,Parsons-Pope,Diurna
Kathy,Lynch,1919-06-13,Masculino,imoore,123456,8034023,bennettjean@example.com,Reynolds PLC,Warren Group,Diurna
Michele,Thomas,1924-04-16,Masculino,jorgedavis,123456,92833648,ohodges@example.com,Guerrero, Elliott and Hill,Horne, Farmer and Green,Diurna
Stephen,Suarez,1958-07-07,Femenino,burnettzachary,123456,51372235,kdominguez@example.com,Harris Ltd,Klein-Rogers,Nocturna
Michael,Jones,2006-03-24,Femenino,davistimothy,123456,67230429,justin68@example.net,Chambers-Miller,Perez-Patterson,Nocturna
Andrew,Rivas,1934-03-04,Masculino,sschroeder,123456,30291723,danagray@example.org,Hooper-Mitchell,Tapia, Santana and Williamson,Diurna
Michele,Reeves,1970-02-16,Masculino,ehayes,123456,45289120,veronicamontgomery@example.net,Cordova, Davenport and Daniels,Moore-Daniels,Diurna
Pamela,Torres,1991-01-15,Femenino,benjamin29,123456,68318755,leeamanda@example.com,Rodriguez, Vance and Good,Davis, Jacobson and Howard,Diurna
Steven,Holt,1979-07-01,Femenino,hamiltonbrian,123456,70453285,debra26@example.org,Edwards, Hill and French,Ferguson Inc,Nocturna
Kathleen,Delgado,1997-09-25,Femenino,stevenedwards,123456,72772512,atkinsonadam@example.com,Wilson, Gray and Roberts,Forbes, Johnson and Jones,Diurna
Brian,Young,1938-09-25,Femenino,ricky45,123456,3298055,amydawson@example.com,Finley, Mendoza and Jackson,Powell-Pratt,Diurna
Richard,Lewis,1995-04-11,Masculino,morenogeorge,123456,9721654,thomashughes@example.net,Powell LLC,Riddle-Lawrence,Diurna
Jason,Stewart,2013-03-17,Femenino,elizabethshepard,123456,51162274,kprice@example.org,Rodriguez Group,Montgomery and Sons,Nocturna
Paula,Oneal,1956-01-17,Masculino,wujeffrey,123456,34634698,annewilliams@example.net,Woods, Harmon and Black,Davis Inc,Diurna
William,Cole,1998-10-08,Masculino,rcallahan,123456,86211796,navarrotina@example.org,Patel-King,Edwards-Baker,Diurna
Juan,Bryant,1928-01-13,Masculino,andres69,123456,61075614,rpatton@example.org,Campos-Anderson,Dunn-Morgan,Nocturna
Elizabeth,Parker,1951-08-20,Femenino,shane32,123456,38209050,davidwhite@example.org,Meyer, Scott and Rodriguez,Price and Sons,Diurna
Peter,Hunter,1992-02-17,Masculino,ashaw,123456,85001705,matthewgray@example.net,York-Parker,Sweeney-Lewis,Diurna
Jacob,Lopez,1928-02-13,Femenino,yvette98,123456,76139634,smithcharles@example.com,Fischer, Santos and Woodard,Brown, Martin and Little,Diurna
Melissa,Lewis,1957-11-29,Femenino,cindy34,123456,25585601,eric46@example.org,Johnson PLC,Acevedo Group,Diurna
Paul,King,1963-09-11,Masculino,phillipthompson,123456,17305534,danielwatkins@example.net,Williams PLC,Buchanan, Oconnell and Turner,Nocturna
Diana,Foster,1942-10-30,Femenino,mramirez,123456,86678843,jessicadavis@example.net,Stewart, Wilson and Guerra,Kennedy-Reyes,Diurna
Ryan,Moore,2015-04-04,Masculino,cberry,123456,8388253,caroline15@example.net,Baxter, Bishop and Schwartz,Nielsen, Bauer and Mcdonald,Nocturna
Ricardo,Downs,1963-01-02,Femenino,lopeztravis,123456,39822598,ashley58@example.org,Carlson-Bernard,Jones Group,Nocturna
Phillip,Allison,1997-08-06,Masculino,franklinbrian,123456,16496068,heather00@example.net,Tran Ltd,Potter-Townsend,Nocturna
Lori,Collins,1941-05-31,Masculino,scott84,123456,6069680,brandon03@example.com,Russell, Wood and Flores,Murphy, Holmes and Malone,Nocturna
Dean,White,1910-07-06,Masculino,christinemorales,123456,39116491,zarmstrong@example.com,Jackson-Goodman,Oneill and Sons,Nocturna
Julia,Thompson,1991-04-08,Masculino,anthony87,123456,85422539,theresa12@example.net,Johnson-Wu,Valdez, Allen and Sanders,Diurna
Blake,Miller,1922-08-11,Femenino,sheila29,123456,27540082,andreawalker@example.org,Aguilar Group,Juarez-Davidson,Nocturna
Bernard,Bennett,1990-04-30,Femenino,ryan71,123456,63494936,tatemaria@example.net,Reed Inc,Stephens PLC,Nocturna
Makayla,Bullock,1964-07-06,Masculino,tyler77,123456,88867141,matthew74@example.com,Armstrong-Roth,Wilson, Parker and Kerr,Nocturna
Megan,Smith,1942-05-03,Masculino,jasminehenry,123456,14946295,campbelldiane@example.org,Wells-Mcdonald,Miller-Kirk,Diurna
Amanda,Simmons,1984-11-20,Femenino,roblesedward,123456,96405666,shepardmary@example.net,Gordon, Pham and Powers,Nelson PLC,Diurna
Steve,Wilkerson,1961-12-07,Masculino,fpatterson,123456,68353208,knoxjasmine@example.com,Mann-Ayers,Burke, Smith and Jennings,Diurna
Julie,Rodgers,1974-03-06,Masculino,pamela29,123456,75637435,zmatthews@example.net,Lambert, Navarro and Yu,Bolton, Collins and Simpson,Diurna
Michael,Sanders,1938-04-04,Femenino,hinesmallory,123456,2289523,dixonlori@example.org,Woods and Sons,Martin-Owens,Diurna
Daniel,Mckinney,1994-08-11,Femenino,jacqueline71,123456,25705034,joseph74@example.org,Smith PLC,Gonzalez-White,Nocturna
Karen,Carrillo,1930-09-04,Femenino,kathleen19,123456,44819867,rlambert@example.net,Boone PLC,Wilson and Sons,Nocturna
Daniel,Ramos,1994-03-15,Femenino,hernandezsteven,123456,13962949,bradley78@example.org,Flynn-James,Aguilar-Pena,Diurna
Jeff,Green,1960-02-19,Masculino,davisstephanie,123456,3351908,nicholas78@example.net,Edwards-Thompson,Bush, Franco and Harrison,Nocturna
Jason,Davis,1963-11-18,Masculino,stephenwilliams,123456,265171,taylor97@example.org,Dixon-Jones,Buckley-Russell,Diurna
Melissa,Walker,1997-05-13,Masculino,jordan47,123456,10923165,conniekennedy@example.org,Jones, Fisher and Hayes,Hess-Scott,Nocturna
Richard,Hughes,1963-07-04,Masculino,laurafranklin,123456,33888756,stevensonconnie@example.org,Escobar PLC,Deleon Group,Diurna
John,Clark,1949-04-26,Masculino,jason74,123456,46979301,caseyruth@example.org,Gordon, Schneider and Massey,Douglas, Fisher and James,Nocturna
Matthew,Davis,1938-11-29,Femenino,manningmichelle,123456,6611963,kristen55@example.com,Young, Howard and Stanley,Bentley-Giles,Nocturna
Helen,Mendez,1973-08-03,Femenino,rebecca48,123456,75594141,martha79@example.com,Shelton, Arellano and Ellis,Gomez Ltd,Nocturna
Ryan,Meyer,2022-03-19,Femenino,elizabethmunoz,123456,52945336,egarcia@example.org,Smith-Jenkins,Davis-Brown,Nocturna
Jennifer,Rogers,1935-04-04,Masculino,mmarshall,123456,41818897,vroberts@example.net,Pineda-Stark,Price Inc,Diurna
John,Bell,1911-11-11,Femenino,spencersteven,123456,54885294,meganmoore@example.org,Hopkins and Sons,Wolfe Inc,Diurna
Steven,Dixon,1987-08-31,Femenino,stevenreyes,123456,31217549,carla02@example.net,Benson-Johnson,Lawrence, Rhodes and Ramirez,Nocturna
Marie,Cherry,1914-11-07,Masculino,garciawayne,123456,24536505,ohall@example.net,Singh, Gonzalez and Haley,Diaz-Hill,Diurna
Marissa,Miller,1995-11-14,Femenino,rjohnson,123456,97323957,phernandez@example.com,James-Figueroa,Gibbs, Frye and Smith,Diurna
Sherri,Sanchez,1956-06-23,Femenino,victoriawalker,123456,21548072,uhernandez@example.com,Scott Inc,Williams-Andrews,Diurna
Lauren,Osborn,2006-04-08,Femenino,laura09,123456,2646739,leekaren@example.com,Beck, Williams and Gray,Vang-Reid,Nocturna
Jill,Singh,2023-11-05,Masculino,benjaminbell,123456,51343636,amy74@example.com,Arnold-Lawson,Zavala-Jones,Diurna
Cassidy,Smith,1974-08-27,Femenino,larry95,123456,92899981,ibrown@example.net,Williamson Inc,Anderson-Wagner,Nocturna
Samantha,Kemp,1955-09-15,Masculino,morganchristina,123456,37217167,evansjason@example.com,Parker-Perry,Smith, Morrow and Ramirez,Nocturna
Martha,White,2016-04-19,Femenino,farmerroger,123456,38363142,wellscatherine@example.com,Brooks PLC,Wilson, Jackson and Gregory,Nocturna
Lisa,Young,1945-08-24,Masculino,michaeltyler,123456,78631965,timothy10@example.net,Weaver, Chen and Hunt,Frazier-Strickland,Nocturna
Angela,Mccall,2000-05-22,Masculino,wburns,123456,44335485,trevor75@example.net,Ford-Mccarthy,Fisher, Ramsey and Phillips,Diurna
Gregory,Flores,1970-12-28,Femenino,evansann,123456,28550898,rodriguezralph@example.com,Fitzgerald-Williams,Harrell, Scott and Hays,Nocturna
Jason,Garcia,2004-12-06,Masculino,hstrong,123456,82260369,callahanmelissa@example.org,Ramos LLC,Cooper Group,Nocturna
James,Crawford,1981-08-17,Masculino,robert87,123456,38618386,tmata@example.net,Kennedy-Hale,Fitzpatrick-Mendez,Nocturna
Charles,Roth,1993-04-13,Femenino,hclark,123456,75622481,eorozco@example.net,Fox Ltd,Marks LLC,Nocturna
Gregory,Martin,1999-05-01,Femenino,cherylsaunders,123456,66709881,hlyons@example.net,Fisher, Wang and Smith,Marshall and Sons,Nocturna
Robert,Mueller,2005-11-14,Masculino,logananna,123456,96226615,michelle09@example.net,Lewis PLC,Gibson-Rodriguez,Nocturna
Jodi,Walker,1951-07-29,Masculino,amymathis,123456,19126881,amadden@example.com,Fisher-Campos,Pearson, Massey and Peterson,Diurna
Eric,Nicholson,1960-08-30,Femenino,michael40,123456,75838222,kerrthomas@example.net,Brown, Arellano and Haynes,Sexton, Hernandez and Watkins,Nocturna
Casey,Morrison,1934-03-23,Masculino,rickey45,123456,35952338,michael51@example.com,Nelson Inc,Parker, Maldonado and Lowery,Nocturna
Casey,Frank,1987-11-15,Femenino,john57,123456,5528942,scottgarcia@example.org,Clark Inc,Buck-Salinas,Nocturna
Wesley,Guerrero,2009-02-20,Femenino,michael94,123456,69651576,mark41@example.net,Levine, Cox and Mccarthy,Peterson, Pruitt and Hughes,Nocturna
Shari,Smith,1941-01-05,Femenino,proctormark,123456,11383478,ujones@example.net,Carr PLC,Aguilar and Sons,Nocturna
Crystal,Delgado,1958-11-24,Masculino,valerienichols,123456,45322492,alexanderrichardson@example.org,Wilson, Rowe and Miller,Moore-Joseph,Nocturna
Mary,Pittman,1912-06-02,Femenino,lisajohnson,123456,96447584,timothy50@example.net,Jensen-Rogers,Pollard, Lopez and Lang,Diurna
Janet,Garza,2019-01-14,Femenino,gonzalessandra,123456,4917135,samantha69@example.org,Brown, Lowery and Curtis,Hernandez, Parks and Ford,Nocturna
Dylan,Castro,1962-03-01,Masculino,danielmurray,123456,6114669,hjones@example.net,Lloyd Group,Graham, Richardson and Schmidt,Diurna
Jeffrey,Decker,1997-11-22,Femenino,joseph17,123456,94893801,rchavez@example.com,Morgan-Flores,Simpson PLC,Nocturna
Edwin,Ruiz,2016-09-18,Femenino,harrismartha,123456,43091352,garciajason@example.net,Rose, Rogers and Parker,Blake LLC,Diurna
John,Bowers,1974-02-15,Femenino,richard65,123456,50119731,thomasjones@example.org,Serrano LLC,Stanley, Harris and Medina,Diurna
Catherine,Pearson,2015-09-09,Masculino,opowell,123456,55842250,travis91@example.org,Howard and Sons,Huber LLC,Diurna
Lauren,Young,1957-02-13,Masculino,hfreeman,123456,52242323,lrodriguez@example.com,Mccormick, Whitehead and Wall,Douglas LLC,Diurna
Carl,Cooley,2003-05-21,Femenino,christine35,123456,89232887,zoepacheco@example.net,Simmons and Sons,Ross-Lawrence,Nocturna
Emily,Richards,1972-06-10,Masculino,susancarter,123456,39921274,thomasclark@example.com,Mcgrath Ltd,Johnson-Riley,Diurna
Tyler,Nguyen,1945-08-24,Masculino,adrianahayes,123456,39303955,annewright@example.org,Ayers, Hunter and Little,Campbell LLC,Diurna
Antonio,Clark,1928-03-22,Femenino,qryan,123456,38850441,brownshannon@example.org,Green, Moore and Cross,Williams-Roman,Nocturna
Brandon,Caldwell,2002-11-07,Masculino,brandon48,123456,28921530,ipatterson@example.com,Thompson-Diaz,Manning, Farmer and Weaver,Diurna
Michael,Parrish,1975-08-06,Femenino,sandra39,123456,92389450,martincassidy@example.com,King-Bass,Wood-Wu,Diurna
Melissa,Johnson,1926-10-20,Masculino,daniel29,123456,93235825,daniel95@example.net,Blevins-Robertson,Bradley-Lewis,Nocturna
Katelyn,Davis,1925-02-03,Masculino,ibaxter,123456,94183051,lopezbrian@example.com,Fletcher, Juarez and Martin,Garcia-Martinez,Nocturna
Ethan,Martin,1986-05-03,Masculino,katrina48,123456,76238958,fsilva@example.net,Sweeney, Brown and Alexander,Hernandez LLC,Diurna
Adam,Gallagher,2000-09-13,Femenino,frank64,123456,55773852,fbaker@example.net,Booker Ltd,Steele Ltd,Nocturna
Brandy,Ramos,2018-08-20,Masculino,kevin22,123456,15681652,donaldsonsarah@example.com,Scott Inc,Calderon, Clark and Rivera,Diurna
Michael,Jackson,1928-02-16,Femenino,stephensamy,123456,98642377,michaelboyer@example.net,Shepherd, Harper and Vaughan,Byrd, Spencer and Dixon,Diurna
Jocelyn,Scott,1999-03-11,Femenino,joelsmith,123456,74679390,buchananjason@example.org,Williams Inc,Miller, Hart and Watson,Diurna
Kristin,Rose,2002-04-23,Femenino,shansen,123456,82046590,rossamy@example.org,Russell-Campbell,Holloway Ltd,Diurna
Elizabeth,Charles,1986-04-28,Masculino,kellybrown,123456,54498105,michellejohnson@example.com,Todd-Ellis,Maldonado-Webb,Nocturna
Clayton,Valdez,2015-10-11,Masculino,mollybarron,123456,74647912,othomas@example.com,Foster, Lucas and Sanchez,Freeman-Carroll,Nocturna
Penny,Jones,1994-05-13,Femenino,vlopez,123456,82489866,sean52@example.com,Bass and Sons,Burke Inc,Nocturna
Larry,Parrish,1926-11-23,Femenino,cmora,123456,87980587,juliebenson@example.net,Wilson-Escobar,Scott-Foster,Diurna
Joseph,Reynolds,2010-08-12,Masculino,mirandacharlotte,123456,88770694,dorothydalton@example.com,Allen, Patel and Martinez,Baker-Hahn,Nocturna
Victoria,Bell,1948-04-26,Femenino,qdavis,123456,48817371,uparker@example.net,Sutton, Miller and Nguyen,Solomon, Andrade and Bates,Diurna
Monica,Rodriguez,1994-01-13,Femenino,riddlejason,123456,31000892,ggibson@example.org,Freeman, Estrada and Ryan,Watkins, Reynolds and Rogers,Nocturna
Nicole,Flores,2008-10-09,Masculino,joy01,123456,54190727,thompsonpeter@example.net,Hansen-Moore,Stone LLC,Nocturna
Brandy,George,1915-08-09,Masculino,xhorne,123456,36343163,davistara@example.com,Rocha-Crawford,Bauer LLC,Diurna
Matthew,Bradley,1913-10-26,Femenino,danielle83,123456,92388730,morgansteven@example.org,Simmons, Briggs and Estrada,Barnes Group,Nocturna
Kristopher,Jackson,1908-08-24,Femenino,grahamwendy,123456,30229066,farmermichael@example.net,Cox, Schultz and Erickson,White Inc,Diurna
Brooke,Good,1975-11-27,Masculino,richard11,123456,89276670,xzavala@example.net,Woods Group,Newton, Nichols and Beck,Diurna
Richard,Andrews,1996-02-12,Masculino,stephen06,123456,77789658,robinsonjoseph@example.org,Rodriguez-Anderson,Kim-Martinez,Diurna
Kimberly,Stewart,1951-04-12,Masculino,rebeccadiaz,123456,77557106,alison20@example.net,Bennett LLC,Gardner-Curtis,Diurna
Jacob,Fitzpatrick,1912-11-22,Femenino,markjones,123456,53216734,lchase@example.com,Ortiz and Sons,Patterson Ltd,Diurna
Margaret,Rivera,2021-01-28,Femenino,millercharles,123456,80765698,justin35@example.net,Richardson Ltd,Mendoza-Meyer,Nocturna
John,Beard,2013-03-08,Femenino,owilcox,123456,92471743,xdavis@example.com,King-Zimmerman,Allen and Sons,Nocturna
Anthony,Miller,1912-06-07,Femenino,larry72,123456,85965394,luke59@example.com,Kemp, Johnson and Leon,Stephenson Inc,Diurna
Charles,Hill,1925-11-28,Masculino,sandra58,123456,35535186,sarah97@example.com,Roth Group,Stewart Ltd,Nocturna
Anthony,Webb,2001-03-25,Masculino,smithlinda,123456,58100813,lwest@example.org,Ayala, Williams and Green,Baxter-Wright,Diurna
Tyler,Goodwin,1915-08-31,Femenino,wbaker,123456,73199248,thomas39@example.net,Brown-Warren,Scott, Robertson and Hayden,Nocturna
Cassandra,Gibson,2001-04-30,Masculino,rodriguezdavid,123456,65558445,nicholas11@example.com,Harrison LLC,Gonzales Ltd,Nocturna
Justin,Davidson,1932-05-05,Femenino,dmurillo,123456,19639335,julie91@example.org,Diaz, Barnes and Cardenas,Campos, Garza and Smith,Nocturna
Amanda,Reid,1910-11-30,Femenino,christopherward,123456,55428662,vgoodman@example.org,Barnes and Sons,Hogan, Diaz and Johnson,Nocturna
Emily,Estrada,1959-05-04,Masculino,jasonmoore,123456,10879313,starktravis@example.com,Fowler PLC,Martinez-Evans,Diurna
Hayley,Rocha,1917-09-21,Femenino,andersonrobert,123456,84657868,robertsmarie@example.org,Allen, Lane and Vaughn,Booker, Gardner and Finley,Diurna
Joshua,Jones,1949-07-26,Masculino,kathleenperez,123456,54882718,shelley21@example.org,Herring-Reese,Cannon, Newton and Williams,Diurna
Crystal,Sanchez,1977-05-16,Masculino,ngonzalez,123456,95912170,donald71@example.com,Wilson-Howard,Dixon-Russell,Nocturna
Lisa,Collins,1947-03-09,Masculino,qsmith,123456,17960631,wallacecathy@example.org,Porter-Ellis,Reyes-Wood,Diurna
Elizabeth,Anderson,1966-04-18,Masculino,sharon54,123456,86775178,dean44@example.org,Osborne Group,Zavala LLC,Diurna
Donald,Williams,1933-03-15,Masculino,elaine67,123456,65632012,webbcindy@example.org,Brown-Owen,Todd Ltd,Diurna
Susan,Martinez,1924-10-21,Masculino,nicholsdebra,123456,48468794,johnsonstephanie@example.org,Howell-Turner,Hicks, Miranda and Bryant,Nocturna
Dustin,Fuller,2002-07-27,Masculino,cathyphillips,123456,26247893,stevensonjohn@example.com,Ramirez, Snyder and Hernandez,Abbott, Gallegos and Horton,Nocturna
Charlotte,Quinn,1946-01-18,Masculino,grodriguez,123456,63297393,dboone@example.org,Stevens Inc,Davis Ltd,Diurna
Michelle,Miller,1985-02-20,Masculino,wrobinson,123456,84811313,lopezpamela@example.net,Sandoval LLC,Davis LLC,Nocturna
Jessica,Horton,2013-05-29,Masculino,fwright,123456,47894901,rcooke@example.com,Davis and Sons,Wilson, Finley and Perkins,Diurna
Crystal,Davis,2008-10-07,Femenino,sheilakelly,123456,46275026,connerbrandi@example.net,Ruiz, Taylor and Reilly,Fisher Ltd,Diurna
Courtney,Price,2001-10-10,Masculino,taguilar,123456,99086027,mileseric@example.com,May, Jackson and Hill,Miller LLC,Diurna
Michelle,Romero,2007-12-05,Femenino,bowerslaura,123456,58338835,lisajones@example.org,Mcguire, Burch and Dorsey,Brown, Phillips and Hernandez,Nocturna
Catherine,Mejia,2013-08-13,Femenino,jennifergarcia,123456,19002734,gardnerjoanna@example.net,Wilson Inc,Lopez-Wise,Nocturna
Briana,Tapia,1920-07-24,Femenino,sarashah,123456,22523328,patrick89@example.net,Johnson, Morrison and Lozano,Mendoza Inc,Diurna
Virginia,Johnson,1978-05-27,Masculino,justinmalone,123456,1324168,mwilliams@example.net,Maddox-Buchanan,Aguirre and Sons,Nocturna
Christine,Cox,1953-04-04,Femenino,michelejohnson,123456,15817111,karen13@example.org,Newton Group,Hill and Sons,Diurna
Michael,Ali,1979-07-10,Masculino,krichardson,123456,18932271,michelle69@example.net,Conner-Richardson,White LLC,Nocturna
Sheryl,Evans,1998-03-02,Masculino,williamsdonald,123456,56352609,harnold@example.com,Barrera-Jacobson,Barajas-Mora,Nocturna
Gordon,Bridges,1908-07-14,Femenino,jeffrey62,123456,66910811,ebauer@example.net,Webb-Lloyd,Armstrong, Lopez and Ponce,Nocturna
William,Caldwell,1945-12-07,Masculino,cynthia79,123456,57622825,levinelaura@example.com,Rowe-Curtis,Savage-Sanchez,Nocturna
Jason,Richardson,1968-08-07,Masculino,natalieelliott,123456,28127159,davidgreen@example.net,Jackson and Sons,Washington PLC,Diurna
Lisa,Robertson,2005-05-21,Femenino,smithkatrina,123456,70407590,smithkelly@example.org,George, Benjamin and Gibson,Ortega, Johnson and Davis,Diurna
Phyllis,Mendez,1952-02-22,Masculino,lindamccoy,123456,9764881,allencurtis@example.org,Williams-Smith,Rose-Montgomery,Nocturna
Catherine,Griffith,1962-12-31,Masculino,alicia73,123456,39599549,wkelly@example.com,Mason, Huber and Bryan,Vargas-Thompson,Diurna
Colleen,Harrington,2005-08-04,Femenino,bramirez,123456,90175402,sadkins@example.net,Rogers Inc,Mcfarland-Cox,Diurna
Jeff,Johnston,1942-08-25,Femenino,marywoods,123456,42610052,brettrodriguez@example.org,Boyd-Hess,Bryant Inc,Diurna
Ronald,Robinson,1912-12-18,Masculino,shumphrey,123456,88072933,eric36@example.org,Johnson-Ortiz,Lee LLC,Nocturna
Jacob,Hernandez,1923-08-10,Femenino,justin74,123456,41541731,carrollnicole@example.org,Pratt, Gates and Lee,Nguyen-Griffin,Diurna
Joshua,Lowe,1992-09-21,Masculino,joel06,123456,38744864,toddwilliams@example.com,Martinez, Smith and Johnson,Bowen, Conway and Hunt,Nocturna
Sherri,Khan,1967-11-14,Masculino,walkerjose,123456,24982148,samantha39@example.com,Schwartz-Petersen,Padilla Inc,Diurna
Craig,Jackson,1982-07-07,Femenino,walkertammy,123456,3318608,brettbryant@example.com,Guerra Inc,Brown, Ruiz and Gonzales,Nocturna
Michele,Palmer,1975-11-20,Masculino,barrettvanessa,123456,99345354,yolandasmith@example.net,White-Smith,Wagner Ltd,Nocturna
Heather,Brown,2019-01-18,Femenino,rhodesmarc,123456,50776417,nburke@example.com,Rodriguez, Craig and Cooper,Wood Group,Nocturna
Erik,Baker,1951-01-13,Masculino,mooretiffany,123456,50867690,eric84@example.com,Perez Group,Richardson, Carter and Parrish,Diurna
Jessica,Graves,2010-01-31,Femenino,berrykaren,123456,31365532,johnrivas@example.com,Bowen, Torres and Pham,Martin-Rivera,Diurna
Monica,Paul,2013-10-15,Femenino,michellesmith,123456,58515248,johnsonariel@example.com,Miller-Garcia,Smith-Day,Diurna
Carol,Mitchell,2015-02-07,Femenino,edwardsstephen,123456,41197649,elizabeth06@example.org,Barnes-White,Mullins, Joseph and Herrera,Nocturna
William,Griffin,1966-09-01,Femenino,stevenlester,123456,37861022,rodneyadkins@example.org,Baxter-Holmes,Ingram-Smith,Diurna
Robert,Hughes,2022-08-26,Masculino,ernest21,123456,58394592,joseph01@example.org,Barr-Young,Gould Group,Nocturna
Michelle,Randolph,2018-09-22,Femenino,matthew49,123456,24717950,johnsonlisa@example.net,Chavez, Andrews and Marquez,Morse-Ramirez,Nocturna
Jessica,James,1966-09-03,Femenino,pbrooks,123456,43088449,pwashington@example.net,Reed-Mills,Kelly Inc,Nocturna
Samantha,Stewart,2009-08-11,Femenino,melissa32,123456,32473414,sloanchristopher@example.net,Richard Group,Miller and Sons,Diurna
Monica,Campos,2005-09-13,Masculino,qmartin,123456,76626736,samanthaadams@example.net,Burns Inc,Anderson, Lopez and Moss,Nocturna
Nicholas,Day,1919-03-08,Masculino,odavidson,123456,76387958,josephsmith@example.net,Hall LLC,Rodriguez, Leon and Stewart,Nocturna
Melissa,Reeves,2021-06-05,Masculino,hjohns,123456,21983118,petersdavid@example.org,Leonard-Hooper,Vasquez-Brown,Diurna
Abigail,Martinez,1944-11-21,Masculino,crobinson,123456,12244369,williamsolis@example.net,Singh-Fisher,Gonzalez, Shaw and Costa,Diurna
Adrian,Martinez,1922-09-19,Masculino,gwendolyn14,123456,63205407,rturner@example.com,Lucero, Hudson and Hernandez,Weiss-Nelson,Nocturna
David,Torres,1990-10-17,Masculino,mikaylaandersen,123456,94290746,kristyyoung@example.net,Mills LLC,Kelley, Roth and Warner,Diurna
Caitlyn,Ruiz,1939-08-21,Femenino,blakekatrina,123456,75839411,cjohnson@example.org,Morales-Berg,Gardner, Sanchez and Small,Nocturna
Lisa,Lyons,1908-10-15,Femenino,nathan59,123456,5132311,landerson@example.org,Lamb, Brennan and Jacobs,Phillips Inc,Diurna
Frederick,Marks,1948-05-19,Femenino,tonygarcia,123456,35679581,mariahull@example.com,Diaz Group,Orr-Alexander,Diurna
Tom,Parker,1986-05-03,Femenino,xtorres,123456,81149442,jennyunderwood@example.net,Sullivan PLC,Wade-Lester,Diurna
Rebecca,Ritter,1929-02-25,Masculino,stokesandrew,123456,70013293,bortega@example.net,Rodriguez PLC,Warren-Duffy,Diurna
Matthew,Smith,1972-10-13,Masculino,mclaughlinstephen,123456,88292744,kathrynmendez@example.com,Rogers, Walker and Higgins,Downs-Flynn,Nocturna
Jill,Morrison,2012-02-20,Masculino,hray,123456,10978421,finleyanna@example.com,Salas and Sons,Tanner, York and Walker,Diurna
Christina,Brown,1936-09-26,Femenino,hector88,123456,63374870,wilsonchristine@example.net,Sosa and Sons,Romero-Smith,Diurna
Thomas,Wilson,1975-05-29,Femenino,markyoder,123456,89811127,holmesdaniel@example.net,Moreno-Morales,Mclean, Johnson and Mcdonald,Diurna
Nathan,Baker,1909-10-04,Masculino,cjackson,123456,24422676,alejandro68@example.net,Cook-Perez,Olson-Sanchez,Diurna
Patrick,Wright,1989-05-22,Masculino,clinedawn,123456,23293463,erin88@example.net,White, Blevins and Nelson,Austin Group,Nocturna
Hannah,Henderson,1936-05-30,Masculino,cwiley,123456,76777053,sbenjamin@example.net,Mills, Rich and Fields,Mitchell, Robertson and Smith,Nocturna
Sarah,Moore,1964-11-22,Masculino,martinezkevin,123456,80567468,anthony23@example.org,Schneider, Barrett and Diaz,Strong PLC,Nocturna
James,Cunningham,2019-04-23,Masculino,jared89,123456,42418522,hicksdennis@example.net,Thomas-Hunter,Jennings-Lawson,Nocturna
Leonard,George,1910-05-04,Femenino,codylove,123456,95550926,bensonnicole@example.com,Singleton, Cardenas and Kim,Zimmerman PLC,Nocturna
Ronald,James,1909-07-12,Masculino,donald50,123456,39703624,brendaking@example.com,Torres-Vasquez,Spears Group,Diurna
Jason,Cortez,1911-11-14,Femenino,michael49,123456,77495752,martindakota@example.org,Marshall PLC,Patterson, Daugherty and Levine,Nocturna
Aaron,Weber,2015-01-02,Masculino,jennaromero,123456,9962172,ryan40@example.net,Galvan, Johnson and Perez,Grant Group,Nocturna
Christopher,Brown,2002-09-14,Femenino,marcusdickerson,123456,45435934,evansjames@example.net,Valenzuela, Hughes and Castro,Wilson-Chase,Diurna
Kimberly,Marshall,1910-01-10,Femenino,danielle06,123456,25308464,elizabeth54@example.org,Hammond Inc,Moore LLC,Diurna
Angela,Brooks,2014-08-09,Femenino,edwardmckenzie,123456,78567258,joelrobles@example.net,Hopkins, Juarez and Lewis,Wells, Rogers and Armstrong,Nocturna
Elizabeth,Boyle,1977-01-07,Masculino,jill12,123456,83342001,tmartinez@example.com,Pitts, Bradley and Allen,Anderson and Sons,Nocturna
Sarah,Thompson,2010-06-10,Masculino,april15,123456,71133447,breannagordon@example.net,Thompson Ltd,Mann Group,Diurna
Mark,Barrera,1990-11-30,Masculino,kenneth19,123456,99077198,ewells@example.com,Davis-Rogers,Thomas-Griffin,Nocturna
Roger,Smith,1974-02-03,Femenino,martinezgary,123456,82453927,emily49@example.com,Rojas, Gordon and Alvarado,Hardin-Sanchez,Nocturna
Amanda,Gomez,1958-06-06,Femenino,kbowen,123456,93437144,vconway@example.net,Combs PLC,Wade, Martinez and Fleming,Nocturna
Pamela,Cook,2003-04-27,Femenino,mayala,123456,47168148,mtorres@example.org,Sims, Kelley and Lucero,Scott-Huang,Nocturna
Jeffrey,Wade,1944-05-29,Femenino,ggarcia,123456,59713588,anthonycooley@example.org,Clark, Stewart and Thomas,King-Nelson,Diurna
William,Johnson,1941-05-22,Femenino,hannahhoward,123456,8150026,sgeorge@example.org,Hill-Owens,Ramirez, Boyd and Herrera,Diurna
Aaron,Williams,1994-10-22,Masculino,belljorge,123456,66306868,joycewalker@example.net,Dawson, Cook and Larson,Hickman-Carter,Nocturna
Carmen,Cannon,1909-09-15,Masculino,shelby71,123456,33014650,beltranjennifer@example.net,Barrera-Bush,Chen-Flynn,Diurna
Elizabeth,Sanders,1963-12-08,Masculino,cameron40,123456,32718171,vkennedy@example.org,Thomas, Cain and Johnson,Ferrell-Giles,Diurna
Jeff,Medina,1985-07-24,Femenino,jordandavidson,123456,40597528,samueljohnson@example.net,Gregory and Sons,Armstrong, Clements and Mendoza,Diurna
Marvin,Scott,1964-09-22,Masculino,lcooper,123456,29610908,changsteven@example.net,Estrada-Ramirez,Ponce, Collier and Wilson,Diurna
Maria,Pierce,1933-08-01,Femenino,xhartman,123456,30766028,bakerdean@example.org,Burke LLC,Rowe Group,Nocturna
David,Potter,1952-02-01,Femenino,nicole22,123456,96789817,dcastro@example.com,Logan, Black and Sosa,Castillo-Patterson,Diurna
Christopher,Underwood,2007-01-08,Femenino,gregory91,123456,84254634,bortega@example.net,Reeves-Smith,Jenkins PLC,Nocturna
Dan,Murray,1951-12-09,Masculino,xrodriguez,123456,22924680,david02@example.com,White-Collins,Hall Ltd,Nocturna
Ashley,Singh,1914-05-25,Masculino,ashleysilva,123456,73396691,hfarmer@example.com,Davis, Mullins and Carson,Perry, Johnson and Adams,Diurna
Michael,Foley,1949-03-28,Femenino,ricardo89,123456,76461709,owenscaroline@example.com,Tate, Spears and Morse,Wilson Group,Nocturna
Brian,Martinez,1956-02-08,Masculino,ncook,123456,57555959,showard@example.net,Curtis LLC,Watts, Gonzalez and Smith,Nocturna
Brenda,Brown,1968-10-03,Femenino,melissa23,123456,24620309,derek61@example.org,Simpson-Conley,Little-Forbes,Nocturna
Johnny,Green,1964-05-06,Femenino,nguyendavid,123456,28916602,daniel75@example.com,Adams-Peters,Bernard, Johnson and Pace,Diurna
Thomas,Curry,1954-01-20,Femenino,marvin70,123456,96257666,vhess@example.com,Smith-White,Wood-Clark,Nocturna
Karen,Bowen,1945-06-23,Femenino,amanda49,123456,60373021,lambertsusan@example.net,Carson Inc,Acosta PLC,Diurna
Brian,Wagner,1926-03-27,Masculino,twells,123456,42408393,williamsdevin@example.com,Johnson and Sons,Manning Inc,Nocturna
James,Reyes,2009-12-04,Masculino,pturner,123456,39538198,jbaker@example.org,Peterson, Nelson and Rodriguez,Green-Hill,Nocturna
Melissa,Smith,1986-08-05,Femenino,benjaminking,123456,3094750,tatetravis@example.org,Jones Group,Pearson PLC,Diurna
Justin,Brown,1949-10-02,Femenino,brooke84,123456,80352181,boydjacob@example.org,Graham and Sons,Powell, Harrison and Stewart,Nocturna
Johnny,Young,1953-06-18,Femenino,fergusonalejandro,123456,20371239,lisamoore@example.net,Reyes, James and Garcia,Jones and Sons,Nocturna
Kathy,Hawkins,2017-03-07,Femenino,karen70,123456,47900457,antoniorosales@example.org,Peterson and Sons,Knapp LLC,Diurna
Timothy,Page,1919-02-21,Masculino,kingjose,123456,56290175,lindsay68@example.com,Gregory, Nelson and Klein,Sims, Zimmerman and Fox,Diurna
Roger,Mercado,1941-02-09,Masculino,isaiahashley,123456,5194413,lwilson@example.org,Chambers-Hardy,Hodge Group,Nocturna
Anthony,Duarte,1969-05-04,Femenino,bspencer,123456,47740376,charles99@example.org,Boyer Inc,Flores, Flowers and Morse,Diurna
David,Ponce,2007-10-30,Masculino,john32,123456,90139555,amy56@example.net,Crawford, Robinson and Contreras,Lopez, Jones and Davis,Diurna
Daniel,Williams,1943-02-27,Femenino,rebecca35,123456,3832123,amy41@example.org,Sims, Patel and Smith,Mcintyre Ltd,Diurna
Ryan,Baxter,1934-01-09,Femenino,yadkins,123456,13932558,sweeneyadam@example.net,Lucero, Dennis and Barber,Barrett Group,Nocturna
Nina,Cooper,1984-05-12,Masculino,dakota33,123456,26351322,alexandergarcia@example.net,Thomas-Li,Anderson Ltd,Nocturna
Joseph,Nelson,1914-07-16,Masculino,samuel57,123456,76872232,beverlymason@example.net,Nunez LLC,Patterson and Sons,Diurna
April,Palmer,1972-12-14,Femenino,zwilliams,123456,46323002,ryan75@example.net,Winters-Savage,Schneider, Cook and Ingram,Diurna
Joshua,Gutierrez,1955-05-10,Masculino,colemanbrooke,123456,78901485,dawn56@example.org,Gutierrez-Obrien,Hodge-Munoz,Nocturna
Amber,Garrison,1964-02-06,Masculino,debrasparks,123456,30553208,bcallahan@example.com,Shaw, Johnson and Lewis,Russell, Harding and Nicholson,Diurna
Angela,Palmer,1947-04-26,Masculino,reginald32,123456,41452018,brandonwalker@example.org,Brown PLC,Salinas Group,Nocturna
John,Brown,1970-05-06,Masculino,bruce59,123456,29538054,larryjones@example.net,Mccarthy-Graves,Bray, Conway and Mcdonald,Diurna
Krista,Rodriguez,1980-07-07,Femenino,ustark,123456,88612519,khernandez@example.org,Gonzalez-Brown,Hernandez Group,Nocturna
Leah,Wheeler,1956-07-01,Femenino,brittany11,123456,28920414,kortiz@example.org,Davis-Berry,Pope-Brown,Nocturna
Abigail,Crane,1961-10-27,Masculino,vboyd,123456,46092152,karenrobles@example.com,Schmidt, Hanson and Rojas,Jensen, Colon and Schneider,Nocturna
Arthur,Randall,2012-05-03,Masculino,christopherkane,123456,86802661,waderebecca@example.org,Rodgers PLC,Gentry, Miller and Harrington,Nocturna
Jessica,Moreno,1940-10-26,Masculino,andrew30,123456,88825404,amy01@example.net,Shepard Inc,Berg PLC,Nocturna
